name,CountryCode,id,lat,lon,1961,1962,1963,1964,1965,1966,1967,1968,1969,1970,1971,1972,1973,1974,1975,1976,1977,1978,1979,1980,1981,1982,1983,1984,1985,1986,1987,1988,1989,1990,1991,1992,1993,1994,1995,1996,1997,1998,1999,2000,2001,2002,2003,2004,2005,2006,2007,2008,2009,2010,2011,2012
Afghanistan,2,4,33,65,51000,78000,110000,78000,75000,61000,69290,71000,86000,76000,63000,58000,108000,145000,160000,159000,136500,132000,105000,65000,60000,45000,50000,68000,54000,60000,39000,44000,35000,28000,66000,66000,66000,66000,66000,66000,66000,66000,66000,55500,55500,55500,32340,27440,32340,31360,34350,34300,42015,32340,32340,34300
Albania,3,8,41,20,17466,17609,21905,21911,24560,24630,21870,12600,15060,15200,13500,16500,19800,20000,20300,20800,21800,22400,23000,15800,20600,20800,15800,19800,25700,24750,22750,13850,16800,11800,950,987,190,187,280,460,760,810,798,902,793,632,920,905,919,926,850,656,860,800,776,770
Algeria,4,12,28,3,2610,2550,2550,2625,2935,2044,2215,2453,2405,640,1142,1846,1965,782,943,626,66,100,60,60,61,61,61,61,61,61,61,61,61,60,54,40516,65,60,40496,58,72,62,60,57,65,56,50,40360,65,47,48,39,40,62,70,74
American Samoa,5,16,-14.3333,-170,    ,    ,    ,    ,    ,    ,    ,    ,    ,    ,    ,    ,    ,    ,    ,    ,    ,    ,    ,    ,    ,    ,    ,    ,    ,    ,    ,    ,    ,    ,    ,    ,    ,    ,    ,    ,    ,    ,    ,    ,    ,    ,    ,    ,    ,    ,    ,    ,    ,    ,    ,    
Andorra,6,20,42.5,41791,    ,    ,    ,    ,    ,    ,    ,    ,    ,    ,    ,    ,    ,    ,    ,    ,    ,    ,    ,    ,    ,    ,    ,    ,    ,    ,    ,    ,    ,    ,    ,    ,    ,    ,    ,    ,    ,    ,    ,    ,    ,    ,    ,    ,    ,    ,    ,    ,    ,    ,    ,    
Angola,7,24,-11.2026920,17.8738870,13008,20568,13725,13611,19509,21555,29496,48075,70254,91200,86103,48148,77700,103000,39000,39000,36000,39000,36000,3000,6000,12000,12000,12000,12000,12000,12000,12000,12000,11900,12204,12964,12455,15222,13196,13612,14779,14832,9955,9855,2689,2650,2168,2532,3077,3000,3000,3000,3000,3000,4200,4200
Anguilla,258,660,18.25,-63.1667,    ,    ,    ,    ,    ,    ,    ,    ,    ,    ,    ,    ,    ,    ,    ,    ,    ,    ,    ,    ,    ,    ,    ,    ,    ,    ,    ,    ,    ,    ,    ,    ,    ,    ,    ,    ,    ,    ,    ,    ,    ,    ,    ,    ,    ,    ,    ,    ,    ,    ,    ,    
Antigua and Barbuda,8,28,41776,-61.8,393,255,209,125,150,280,246,159,160,190,210,270,347,200,285,248,225,239,150,48,18,12,15,60,237,170,170,155,125,122,100,104,99,90,80,76,73,76,75,79,85,89,93,93,93,93,90,93,74,80,84,95
Argentina,9,32,-34,-64,343793,304047,370885,279924,405856,328800,244800,210342,330700,416500,252900,259400,368800,364800,485700,398900,460000,634500,503269,421242,233287,419821,315287,505761,463973,327000,274300,748900,513300,810000,753200,611400,388000,630356,1004750,1179874,864400,857840,532500,357000,424000,165800,176000,302000,406400,374773,469960,437765,348700,644450,862898,599750
Armenia,1,51,40,45,    ,    ,    ,    ,    ,    ,    ,    ,    ,    ,    ,    ,    ,    ,    ,    ,    ,    ,    ,    ,    ,    ,    ,    ,    ,    ,    ,    ,    ,    ,    ,    ,    ,    ,    ,    ,    ,    ,    ,    ,    ,    ,    ,    ,    ,    ,    ,    ,    ,    ,    ,    
Aruba,22,533,12.5211100,-69.9667,    ,    ,    ,    ,    ,    ,    ,    ,    ,    ,    ,    ,    ,    ,    ,    ,    ,    ,    ,    ,    ,    ,    ,    ,    ,    ,    ,    ,    ,    ,    ,    ,    ,    ,    ,    ,    ,    ,    ,    ,    ,    ,    ,    ,    ,    ,    ,    ,    ,    ,    ,    
Australia,10,36,-25.2743980,133.7751360,7100,6000,4900,6900,25900,52900,46500,86300,88900,73000,47800,108900,79100,78200,86700,65500,74600,116300,131600,219000,260300,353700,255200,331500,659100,649300,551600,704000,712300,798300,1133000,1303500,936800,833000,848600,1016000,1470200,1607000,1740000,1786700,1959000,1756800,932900,842800,1557400,1441400,689200,320600,794500,936800,2112972,2666997
Austria,11,40,47.3333,13.3333,    ,    ,    ,    ,    ,    ,    ,    ,    ,    ,    ,    ,    ,    ,    ,    ,    ,    ,    ,    ,    ,    ,    ,    ,    ,    ,    ,    ,    ,    ,    ,    ,    ,    ,    ,    ,    ,    ,    ,    ,    ,    ,    ,    ,    ,    ,    ,    ,    ,    ,    ,    
Azerbaijan,52,31,40.5,47.5,    ,    ,    ,    ,    ,    ,    ,    ,    ,    ,    ,    ,    ,    ,    ,    ,    ,    ,    ,    ,    ,    ,    ,    ,    ,    ,    ,    ,    ,    ,    ,305000,259000,263000,229000,218857,117000,108376,92932,91539,83615,80428,99554,135554,196616,135958,101000,54900,31600,37800,65800,56400
Bahamas,12,44,24.25,-76,    ,    ,    ,    ,    ,    ,    ,    ,    ,    ,    ,    ,    ,    ,    ,    ,    ,    ,    ,    ,    ,    ,    ,    ,    ,    ,    ,    ,    ,    ,    ,    ,    ,    ,    ,    ,    ,    ,    ,    ,    ,    ,    ,    ,    ,    ,    ,    ,    ,    ,    ,    
Bahrain,13,48,26,50.55,    ,    ,    ,    ,    ,    ,    ,    ,    ,    ,    ,    ,    ,    ,    ,    ,    ,    ,    ,    ,    ,    ,    ,    ,    ,    ,    ,    ,    ,    ,    ,    ,    ,    ,    ,    ,    ,    ,    ,    ,    ,    ,    ,    ,    ,    ,    ,    ,    ,    ,    ,    
Bangladesh,16,50,24,90,9144,9144,9144,9144,9144,8100,8100,6900,8100,3600,5100,4200,3381,3273,2451,2103,2628,3543,3303,5215,29358,30777,24434,17911,15404,11608,19966,35683,40918,47053,41240,46742,76202,37255,40465,40492,41106,39000,42000,40500,45000,42973,44854,45755,52565,53675,45152,35971,46034,43363,51824,57000
Barbados,14,52,13.1667,-59.5333,    ,    ,    ,    ,    ,    ,    ,    ,    ,    ,    ,    ,    ,    ,    ,    ,    ,    ,    ,    ,    ,    ,    ,    ,    ,    ,    ,    ,    ,    ,    ,    ,    ,    ,    ,    ,    ,    ,    ,    ,    ,    ,    ,    ,    ,    ,    ,    ,    ,    ,    ,    
Belarus,57,112,53,28,    ,    ,    ,    ,    ,    ,    ,    ,    ,    ,    ,    ,    ,    ,    ,    ,    ,    ,    ,    ,    ,    ,    ,    ,    ,    ,    ,    ,    ,    ,    ,    ,    ,    ,    ,    ,    ,    ,    ,    ,    ,    ,    ,    ,    ,    ,    ,    ,    ,    ,    ,    
Belgium-Luxembourg,15,58,49.6568287,6.0333955,    ,    ,    ,    ,    ,    ,    ,    ,    ,    ,    ,    ,    ,    ,    ,    ,    ,    ,    ,    ,    ,    ,    ,    ,    ,    ,    ,    ,    ,    ,    ,    ,    ,    ,    ,    ,    ,    ,    ,    ,    ,    ,    ,    ,    ,    ,    ,    ,    ,    ,    ,    
Belgium,255,56,50.8333,4,    ,    ,    ,    ,    ,    ,    ,    ,    ,    ,    ,    ,    ,    ,    ,    ,    ,    ,    ,    ,    ,    ,    ,    ,    ,    ,    ,    ,    ,    ,    ,    ,    ,    ,    ,    ,    ,    ,    ,    ,    ,    ,    ,    ,    ,    ,    ,    ,    ,    ,    ,    
Belize,23,84,17.25,-88.75,    ,    ,    ,    ,    ,    ,    ,    ,    ,    ,    ,    ,    ,    ,    ,    ,    ,    ,    ,    ,    ,    ,    ,    ,    ,    ,    ,    ,    ,    ,    ,    ,    ,    ,    ,    ,    ,    ,    ,    ,    ,    ,    ,    ,    ,    ,    ,    ,    ,    ,    ,    
Benin,53,204,9.3076900,2.3158340,3300,4400,3900,6800,7400,8700,12000,22800,23600,35500,46500,49500,44500,30600,22600,21700,16000,18620,25700,16500,14000,30000,43000,83000,84000,130000,69000,109040,105641,141310,169499,149670,255591,235209,315000,418241,367000,344636,332640,332000,357100,441000,378000,385000,312000,199500,224000,210000,143500,124000,239000,295000
Bermuda,17,60,32.3333,-64.75,    ,    ,    ,    ,    ,    ,    ,    ,    ,    ,    ,    ,    ,    ,    ,    ,    ,    ,    ,    ,    ,    ,    ,    ,    ,    ,    ,    ,    ,    ,    ,    ,    ,    ,    ,    ,    ,    ,    ,    ,    ,    ,    ,    ,    ,    ,    ,    ,    ,    ,    ,    
Bhutan,18,64,27.5141620,90.4336010,    ,    ,    ,    ,    ,    ,    ,    ,    ,    ,    ,    ,    ,    ,    ,    ,    ,    ,    ,    ,    ,    ,    ,    ,    ,    ,    ,    ,    ,    ,    ,    ,    ,    ,    ,    ,    ,    ,    ,    ,    ,    ,    ,    ,    ,    ,    ,    ,    ,    ,    ,    
Bolivia (Plurinational State of),19,68,-17,-65,3000,3000,4000,5000,6000,9000,8000,10990,12636,15900,27700,46200,110450,82200,62910,33615,41815,48715,40440,18800,18015,11426,9221,6874,13498,11058,6088,10146,3590,5689,22560,25636,22671,30591,47025,73543,64053,53300,46000,41500,73600,70398,81195,86836,90931,88956,91404,82105,91120,93200,93900,91400
Bosnia and Herzegovina,80,70,44,18,    ,    ,    ,    ,    ,    ,    ,    ,    ,    ,    ,    ,    ,    ,    ,    ,    ,    ,    ,    ,    ,    ,    ,    ,    ,    ,    ,    ,    ,    ,    ,    ,    ,    ,    ,    ,    ,    ,    ,    ,    ,    ,    ,    ,    ,    ,    ,    ,    ,    ,    ,    
Botswana,20,72,-22,24,2950,2375,2375,5965,5930,4821,2535,2411,3034,1336,3269,2675,2850,2850,2850,2850,2850,2850,2850,2850,2850,2850,2850,2850,2850,2850,2850,2850,2850,2873,2377,1726,1726,1802,1917,2371,2370,2180,2280,2800,3514,2370,1976,2203,2195,2103,1755,2035,1248,1156,885,890
Brazil,21,76,-10,-55,1227481,1572519,1415267,1462596,1305344,1572519,1624500,1919800,2026500,1876100,2066400,1842400,2182200,1880400,1677900,1211500,1843000,1523000,1587000,1625000,1678000,1874000,1552000,1924300,2773000,2244000,1622000,2457000,1756000,1844000,1996000,1810000,1090000,1312000,1393000,916000,789000,1126000,1356500,1929920,2537150,2076740,2113623,3649327,3521528,2783400,3946390,3823854,2781640,2831851,4867889,4765390
British Virgin Islands,239,92,18.4206950,-64.6399680,    ,    ,    ,    ,    ,    ,    ,    ,    ,    ,    ,    ,    ,    ,    ,    ,    ,    ,    ,    ,    ,    ,    ,    ,    ,    ,    ,    ,    ,    ,    ,    ,    ,    ,    ,    ,    ,    ,    ,    ,    ,    ,    ,    ,    ,    ,    ,    ,    ,    ,    ,    
Brunei Darussalam,26,96,4.5352770,114.6667,    ,    ,    ,    ,    ,    ,    ,    ,    ,    ,    ,    ,    ,    ,    ,    ,    ,    ,    ,    ,    ,    ,    ,    ,    ,    ,    ,    ,    ,    ,    ,    ,    ,    ,    ,    ,    ,    ,    ,    ,    ,    ,    ,    ,    ,    ,    ,    ,    ,    ,    ,    
Bulgaria,27,100,43,25,21507,48826,39771,43071,38043,68578,55585,31051,40566,36015,40022,49412,37926,37288,31582,3315,13088,15909,17509,11743,12727,20052,17040,14508,14113,18118,19756,12963,12831,7889,17910,8583,4992,6738,13939,11768,8910,7122,9570,6280,9600,8360,4100,2530,1227,1045,825,689,480,880,413,249
Burkina Faso,233,854,13,-2,2282,6422,7806,8511,7224,15666,16770,31623,35836,23243,27836,31951,26253,30247,50168,54691,37646,59347,75715,61315,56628,74817,77855,87240,114353,165970,146510,144389,150367,187476,182261,170443,111000,171594,142000,192500,339674,321311,254000,210000,329000,400000,413000,495000,620386,656300,337100,581000,448000,518000,424000,646000
Burundi,29,108,-3.5,30,8670,4698,4577,6361,6034,5270,7690,7547,7358,8783,8522,5094,4524,4454,3815,3008,5042,6087,5587,5552,6526,5672,4686,6441,7019,7894,7871,7459,7071,5387,7107,5265,8688,4818,4541,2566,2352,3241,2641,2302,3100,2941,3175,4700,4505,4515,4100,2733,2461,2402,2663,2315
Cabo Verde,35,132,16.0020820,-24.0131970,    ,    ,    ,    ,    ,    ,    ,    ,    ,    ,    ,    ,    ,    ,    ,    ,    ,    ,    ,    ,    ,    ,    ,    ,    ,    ,    ,    ,    ,    ,    ,    ,    ,    ,    ,    ,    ,    ,    ,    ,    ,    ,    ,    ,    ,    ,    ,    ,    ,    ,    ,    
Cambodia,115,116,13,105,27500,3600,3600,5400,6000,5400,7908,8100,6900,2100,150,150,150,90,90,1950,4996,3496,360,300,600,600,300,600,900,3000,1500,300,300,300,300,300,395,228,211,250,249,255,260,260,260,260,259,260,260,260,260,260,260,260,260,260
Cameroon,32,120,6,12,23650,39000,42800,41100,53900,52500,46200,64000,86160,65000,40725,42660,26300,37800,48200,46200,39365,57600,80000,83200,79800,72400,94600,82230,106000,121300,113700,165000,106912,108426,110620,119296,117448,152510,149604,165000,148067,155093,154730,190000,201819,195896,179160,171000,312000,274000,266649,172968,136000,186700,204000,255500
Canada,33,124,60,-95,    ,    ,    ,    ,    ,    ,    ,    ,    ,    ,    ,    ,    ,    ,    ,    ,    ,    ,    ,    ,    ,    ,    ,    ,    ,    ,    ,    ,    ,    ,    ,    ,    ,    ,    ,    ,    ,    ,    ,    ,    ,    ,    ,    ,    ,    ,    ,    ,    ,    ,    ,    
Cayman Islands,36,132,16,-24,    ,    ,    ,    ,    ,    ,    ,    ,    ,    ,    ,    ,    ,    ,    ,    ,    ,    ,    ,    ,    ,    ,    ,    ,    ,    ,    ,    ,    ,    ,    ,    ,    ,    ,    ,    ,    ,    ,    ,    ,    ,    ,    ,    ,    ,    ,    ,    ,    ,    ,    ,    
Central African Republic,37,140,7,21,27300,32700,27100,28800,24200,39800,48600,58000,59100,51800,44700,50000,44400,46300,33100,40500,28000,32000,33600,28400,22800,38000,35000,41000,52314,34400,26850,27400,26500,37200,21492,23880,15966,27048,31945,39979,45350,38026,20820,21785,24487,11500,880,1250,1250,3080,2994,2120,6811,9939,9952,19062
Chad,39,148,15,19,46467,93995,103983,97643,85549,121152,100548,146590,114232,93052,106281,101356,110956,141160,169606,139996,118402,130144,86073,80200,67200,101800,157900,95426,98504,89142,124898,136559,149938,158207,171886,113900,97114,141194,151200,206174,249322,149751,173000,153000,180000,184000,129000,209647,208000,118550,96400,97400,52000,51500,73500,110000
Chile,40,152,-30,-71,    ,    ,    ,    ,    ,    ,    ,    ,    ,    ,    ,    ,    ,    ,    ,    ,    ,    ,    ,    ,    ,    ,    ,    ,    ,    ,    ,    ,    ,    ,    ,    ,    ,    ,    ,    ,    ,    ,    ,    ,    ,    ,    ,    ,    ,    ,    ,    ,    ,    ,    ,    
"China, Hong Kong SAR",96,,22.3964280,114.1094970,    ,    ,    ,    ,    ,    ,    ,    ,    ,    ,    ,    ,    ,    ,    ,    ,    ,    ,    ,    ,    ,    ,    ,    ,    ,    ,    ,    ,    ,    ,    ,    ,    ,    ,    ,    ,    ,    ,    ,    ,    ,    ,    ,    ,    ,    ,    ,    ,    ,    ,    ,    
"China, Macao SAR",128,,22.1987450,113.5438730,    ,    ,    ,    ,    ,    ,    ,    ,    ,    ,    ,    ,    ,    ,    ,    ,    ,    ,    ,    ,    ,    ,    ,    ,    ,    ,    ,    ,    ,    ,    ,    ,    ,    ,    ,    ,    ,    ,    ,    ,    ,    ,    ,    ,    ,    ,    ,    ,    ,    ,    ,    
"China, Taiwan Province of",214,158,23.6978100,121,1387,2030,2316,2825,2266,1763,1731,2082,1632,2688,1539,1309,1212,881,242,184,204,308,165,223,126,102,6,5,85,84,27,45,8,5,5,1,1,1,    ,    ,    ,    ,    ,    ,    ,    ,    ,    ,    ,    ,    ,    ,    ,    ,    ,    
"China, mainland",41,,35,105,2400000,2250000,3600000,4988100,6294000,7011000,7062000,7062000,6237000,6831000,6315000,5874000,7686000,7383000,7143000,6165000,6148000,6502000,6621000,8121000,8904000,10794000,13911000,18774000,12441000,10620000,12735000,12447000,11364000,13523214,17025000,13524000,11217000,13023000,14304000,12609489,13809000,13503029,11487000,13251000,15970510,14748219,14579127,18970530,17114000,20238000,22871597,22475881,19131000,17910000,19766877,20520000
China,351,156,35,105,2400000,2250000,3600000,4988100,6294000,7011000,7062000,7062000,6237000,6831000,6315000,5874000,7686000,7383000,7143000,6165000,6148000,6502000,6621000,8121000,8904000,10794000,13911000,18774000,12441000,10620000,12735000,12447000,11364000,13523214,17025000,13524000,11217000,13023000,14304000,12609489,13809000,13503029,11487000,13251000,15970510,14748219,14579127,18970530,17114000,20238000,22871597,22475881,19131000,17910000,19766877,20520000
Colombia,44,170,4,-72,208500,224300,198600,180300,179000,200500,254900,321000,338500,341600,300500,390600,314600,395100,373800,377100,438200,296800,255400,332000,321000,135000,115000,224582,303445,303690,295315,334619,282720,301604,397958,294326,177165,141092,144000,181000,103000,95600,101730,103500,109000,89000,85009,136928,114959,88914,97037,60600,63429,82717,82378,76780
Comoros,45,174,-12.1667,44.25,    ,    ,    ,    ,    ,    ,    ,    ,    ,    ,    ,    ,    ,    ,    ,    ,    ,    ,    ,    ,    ,    ,    ,    ,    ,    ,    ,    ,    ,    ,    ,    ,    ,    ,    ,    ,    ,    ,    ,    ,    ,    ,    ,    ,    ,    ,    ,    ,    ,    ,    ,    
Congo,46,178,-1,15,    ,    ,    ,    ,    ,    ,    ,    ,    ,    ,    ,    ,    ,    ,    ,    ,    ,    ,    ,    ,    ,    ,    ,    ,    ,    ,    ,    ,    ,    ,    ,    ,    ,    ,    ,    ,    ,    ,    ,    ,    ,    ,    ,    ,    ,    ,    ,    ,    ,    ,    ,    
Cook Islands,47,184,-21.2333,-159.7667,    ,    ,    ,    ,    ,    ,    ,    ,    ,    ,    ,    ,    ,    ,    ,    ,    ,    ,    ,    ,    ,    ,    ,    ,    ,    ,    ,    ,    ,    ,    ,    ,    ,    ,    ,    ,    ,    ,    ,    ,    ,    ,    ,    ,    ,    ,    ,    ,    ,    ,    ,    
Costa Rica,48,188,10,-84,3326,4124,4729,8966,13241,11040,12645,9393,3965,785,850,346,1456,1654,564,5175,21066,8166,11214,11700,14736,4873,3520,3401,3362,1695,1262,3060,733,695,379,360,264,270,310,290,250,270,255,245,310,220,235,230,560,560,823,1153,494,560,590,607
Croatia,98,191,45.1667,41774,    ,    ,    ,    ,    ,    ,    ,    ,    ,    ,    ,    ,    ,    ,    ,    ,    ,    ,    ,    ,    ,    ,    ,    ,    ,    ,    ,    ,    ,    ,    ,    ,    ,    ,    ,    ,    ,    ,    ,    ,    ,    ,    ,    ,    ,    ,    ,    ,    ,    ,    ,    
Cuba,49,192,21.5217570,-77.7811670,14100,10800,10659,2650,2453,1401,3020,    ,    ,    ,    ,    ,    ,    ,    ,    ,    ,    ,    ,    ,    ,    ,    ,    ,    ,    ,    ,    ,    ,    ,    ,    ,    ,    ,    ,    ,    ,    ,    ,    ,    ,    ,    ,    ,    ,    ,    ,    ,    ,    ,    ,    
Cyprus,50,196,35,33,422,457,477,142,426,336,549,396,711,203,254,102,10,    ,    ,20,20,30,25,15,10,5,    ,    ,    ,    ,    ,    ,    ,    ,    ,    ,    ,    ,    ,    ,    ,    ,    ,    ,    ,    ,    ,    ,    ,    ,    ,    ,    ,    ,    ,    
Czech Republic,167,203,49.75,41774,    ,    ,    ,    ,    ,    ,    ,    ,    ,    ,    ,    ,    ,    ,    ,    ,    ,    ,    ,    ,    ,    ,    ,    ,    ,    ,    ,    ,    ,    ,    ,    ,    ,    ,    ,    ,    ,    ,    ,    ,    ,    ,    ,    ,    ,    ,    ,    ,    ,    ,    ,    
Czechoslovakia,51,200,13.802053,37.324219,    ,    ,    ,    ,    ,    ,    ,    ,    ,    ,    ,    ,    ,    ,    ,    ,    ,    ,    ,    ,    ,    ,    ,    ,    ,    ,    ,    ,    ,    ,    ,    ,    ,    ,    ,    ,    ,    ,    ,    ,    ,    ,    ,    ,    ,    ,    ,    ,    ,    ,    ,    
CÃ´te d Ivoire,107,384,8,-5,5512,8148,12042,8940,10313,13251,24136,34218,42985,31903,29253,46946,52066,57109,59441,63641,73443,99678,111994,138859,131852,132279,152789,137779,204961,182769,207859,249393,282963,235645,251180,187091,229278,248975,206757,209017,256835,326160,356224,397150,284518,387010,391979,178839,319640,266475,253447,118079,123000,173230,246503,252016
Democratic People s Republic of Korea,116,408,40,127,9000,9000,9000,9000,9000,9000,9000,9000,9000,9000,9000,9000,9000,9000,9000,9000,9000,9000,9000,9000,9900,10500,11400,12000,15000,18000,22200,24000,25200,27000,28500,30999,33000,35000,30000,33000,29700,33500,28498,35001,38000,36000,36204,36000,34970,35484,40102,39450,33543,31360,31700,39500
Democratic Republic of the Congo,250,180,0,25,63986,38484,42391,39809,18500,19587,24220,45000,60000,69200,58400,59900,69500,57700,53600,51800,48700,45750,18260,28868,20000,68451,76112,74000,59000,53000,44000,29700,33500,29660,30280,27190,27200,27150,26600,26551,26842,27234,27272,27133,27216,26820,26444,24750,25070,25200,25275,25410,25300,20971,21641,22940
Denmark,54,208,56,10,    ,    ,    ,    ,    ,    ,    ,    ,    ,    ,    ,    ,    ,    ,    ,    ,    ,    ,    ,    ,    ,    ,    ,    ,    ,    ,    ,    ,    ,    ,    ,    ,    ,    ,    ,    ,    ,    ,    ,    ,    ,    ,    ,    ,    ,    ,    ,    ,    ,    ,    ,    
Djibouti,72,262,11.8251380,42.5902750,    ,    ,    ,    ,    ,    ,    ,    ,    ,    ,    ,    ,    ,    ,    ,    ,    ,    ,    ,    ,    ,    ,    ,    ,    ,    ,    ,    ,    ,    ,    ,    ,    ,    ,    ,    ,    ,    ,    ,    ,    ,    ,    ,    ,    ,    ,    ,    ,    ,    ,    ,    
Dominica,55,212,15.4167,-61.3333,    ,    ,    ,    ,    ,    ,    ,    ,    ,    ,    ,    ,    ,    ,    ,    ,    ,    ,    ,    ,    ,    ,    ,    ,    ,    ,    ,    ,    ,    ,    ,    ,    ,    ,    ,    ,    ,    ,    ,    ,    ,    ,    ,    ,    ,    ,    ,    ,    ,    ,    ,    
Dominican Republic,56,214,19,-70.6667,6881,7320,9261,4856,5029,3017,915,1756,2998,4041,3232,3168,3037,1900,2679,3164,3976,3060,4050,5600,6700,6300,6690,6050,5750,5400,7100,7600,8100,7500,6700,3800,3200,2142,    ,    ,    ,    ,    ,    ,    ,    ,    ,    ,    ,    ,    ,    ,    ,    ,    ,    
Ecuador,58,218,-2,-77.5,10036,10803,9180,14157,18450,17627,15765,13800,22140,7550,10666,11500,19540,41500,29789,25459,26260,26306,24409,38600,40201,24030,3980,7340,17386,30250,19056,22694,32299,36448,29603,31028,19453,12465,14683,15209,13683,8932,9052,8363,6893,3388,1070,3207,3279,3331,3401,3632,3642,3550,3650,3730
Egypt,59,818,27,30,994098,1314740,1299553,1415935,1481700,1275093,1195025,1195133,1462210,1392560,1409440,1408840,1352320,1194000,1034000,1073353,1088551,1180346,1275557,1386234,1302000,1198408,1055000,1035000,1156000,1092000,949000,854000,794000,806712,782055,941058,1064581,665569,621545,905707,902030,614893,600716,553532,824820,669210,522910,738289,537000,546000,542800,298270,239717,324437,399450,285000
El Salvador,60,222,13.8333,-88.9167,116746,160072,191965,196264,213992,138778,103788,93282,119379,121696,146632,179035,182140,199453,199506,158280,183443,212848,184084,171193,111992,103206,100679,72687,73878,44401,26028,23923,22284,12468,9072,8887,8931,2564,3900,180,    ,3150,3150,2750,445,460,193,4268,3457,790,42,150,63,150,433,666
Equatorial Guinea,61,226,2,10,    ,    ,    ,    ,    ,    ,    ,    ,    ,    ,    ,    ,    ,    ,    ,    ,    ,    ,    ,    ,    ,    ,    ,    ,    ,    ,    ,    ,    ,    ,    ,    ,    ,    ,    ,    ,    ,    ,    ,    ,    ,    ,    ,    ,    ,    ,    ,    ,    ,    ,    ,    
Eritrea,178,232,15,39,    ,    ,    ,    ,    ,    ,    ,    ,    ,    ,    ,    ,    ,    ,    ,    ,    ,    ,    ,    ,    ,    ,    ,    ,    ,    ,    ,    ,    ,    ,    ,    ,    ,    ,    ,    ,    ,    ,    ,    ,    ,    ,    ,    ,    ,    ,    ,    ,    ,    ,    ,    
Estonia,63,233,59,26,    ,    ,    ,    ,    ,    ,    ,    ,    ,    ,    ,    ,    ,    ,    ,    ,    ,    ,    ,    ,    ,    ,    ,    ,    ,    ,    ,    ,    ,    ,    ,    ,    ,    ,    ,    ,    ,    ,    ,    ,    ,    ,    ,    ,    ,    ,    ,    ,    ,    ,    ,    
Ethiopia PDR,62,230,8,38,6200,11000,6800,7500,10200,24700,31300,35200,41100,48700,30140,34650,39890,45130,45050,59310,61855,54000,54000,81000,81000,81000,60000,60000,66000,60000,60000,63000,54000,57000,36000,30000,    ,    ,    ,    ,    ,    ,    ,    ,    ,    ,    ,    ,    ,    ,    ,    ,    ,    ,    ,    
Ethiopia,238,231,8,38,    ,    ,    ,    ,    ,    ,    ,    ,    ,    ,    ,    ,    ,    ,    ,    ,    ,    ,    ,    ,    ,    ,    ,    ,    ,    ,    ,    ,    ,    ,    ,    ,40000,40800,44000,45000,45000,45000,44000,44000,40000,57000,57000,63000,60000,88000,90000,80000,67000,55000,60000,80000
Falkland Islands (Malvinas),65,238,-51.75,-59,    ,    ,    ,    ,    ,    ,    ,    ,    ,    ,    ,    ,    ,    ,    ,    ,    ,    ,    ,    ,    ,    ,    ,    ,    ,    ,    ,    ,    ,    ,    ,    ,    ,    ,    ,    ,    ,    ,    ,    ,    ,    ,    ,    ,    ,    ,    ,    ,    ,    ,    ,    
Faroe Islands,64,234,62,-7,    ,    ,    ,    ,    ,    ,    ,    ,    ,    ,    ,    ,    ,    ,    ,    ,    ,    ,    ,    ,    ,    ,    ,    ,    ,    ,    ,    ,    ,    ,    ,    ,    ,    ,    ,    ,    ,    ,    ,    ,    ,    ,    ,    ,    ,    ,    ,    ,    ,    ,    ,    
Fiji,66,242,-18,175,    ,    ,    ,    ,    ,    ,    ,    ,    ,    ,    ,    ,    ,    ,    ,    ,    ,    ,    ,    ,    ,    ,    ,    ,    ,    ,    ,    ,    ,    ,    ,    ,    ,    ,    ,    ,    ,    ,    ,    ,    ,    ,    ,    ,    ,    ,    ,    ,    ,    ,    ,    
Finland,67,246,64,26,    ,    ,    ,    ,    ,    ,    ,    ,    ,    ,    ,    ,    ,    ,    ,    ,    ,    ,    ,    ,    ,    ,    ,    ,    ,    ,    ,    ,    ,    ,    ,    ,    ,    ,    ,    ,    ,    ,    ,    ,    ,    ,    ,    ,    ,    ,    ,    ,    ,    ,    ,    
France,68,250,46,2,    ,    ,    ,    ,    ,    ,    ,    ,    ,    ,    ,    ,    ,    ,    ,    ,    ,    ,    ,    ,    ,    ,    ,    ,    ,    ,    ,    ,    ,    ,    ,    ,    ,    ,    ,    ,    ,    ,    ,    ,    ,    ,    ,    ,    ,    ,    ,    ,    ,    ,    ,    
French Guiana,69,254,4,-53,    ,    ,    ,    ,    ,    ,    ,    ,    ,    ,    ,    ,    ,    ,    ,    ,    ,    ,    ,    ,    ,    ,    ,    ,    ,    ,    ,    ,    ,    ,    ,    ,    ,    ,    ,    ,    ,    ,    ,    ,    ,    ,    ,    ,    ,    ,    ,    ,    ,    ,    ,    
French Polynesia,70,258,-15,-140,    ,    ,    ,    ,    ,    ,    ,    ,    ,    ,    ,    ,    ,    ,    ,    ,    ,    ,    ,    ,    ,    ,    ,    ,    ,    ,    ,    ,    ,    ,    ,    ,    ,    ,    ,    ,    ,    ,    ,    ,    ,    ,    ,    ,    ,    ,    ,    ,    ,    ,    ,    
Gabon,74,266,-1,27699,    ,    ,    ,    ,    ,    ,    ,    ,    ,    ,    ,    ,    ,    ,    ,    ,    ,    ,    ,    ,    ,    ,    ,    ,    ,    ,    ,    ,    ,    ,    ,    ,    ,    ,    ,    ,    ,    ,    ,    ,    ,    ,    ,    ,    ,    ,    ,    ,    ,    ,    ,    
Gambia,75,270,13.4667,-16.5667,    ,    ,    ,    ,    ,    ,    ,    ,    ,9,32,40,162,268,268,728,1105,802,883,1339,2527,2241,726,2332,2113,1350,734,1803,2976,1754,1644,2200,3000,2400,1550,1300,1037,330,275,195,170,370,430,405,443,430,475,453,480,485,515,471
Georgia,73,268,42,43.5,    ,    ,    ,    ,    ,    ,    ,    ,    ,    ,    ,    ,    ,    ,    ,    ,    ,    ,    ,    ,    ,    ,    ,    ,    ,    ,    ,    ,    ,    ,    ,    ,    ,    ,    ,    ,    ,    ,    ,    ,    ,    ,    ,    ,    ,    ,    ,    ,    ,    ,    ,    
Germany,79,276,51,9,    ,    ,    ,    ,    ,    ,    ,    ,    ,    ,    ,    ,    ,    ,    ,    ,    ,    ,    ,    ,    ,    ,    ,    ,    ,    ,    ,    ,    ,    ,    ,    ,    ,    ,    ,    ,    ,    ,    ,    ,    ,    ,    ,    ,    ,    ,    ,    ,    ,    ,    ,    
Ghana,81,288,8,-2,    ,    ,    ,    ,    ,    ,    ,99,265,416,1230,1899,1676,2187,8878,7400,7300,7300,7100,6700,5200,4000,3800,6500,1500,6856,6873,6320,8093,11741,19990,29000,39000,23351,26290,34636,39042,44329,35000,30000,16600,14300,14800,16032,19209,19400,17500,22008,22659,23200,23650,24500
Gibraltar,82,292,36.1833,-5.3667,    ,    ,    ,    ,    ,    ,    ,    ,    ,    ,    ,    ,    ,    ,    ,    ,    ,    ,    ,    ,    ,    ,    ,    ,    ,    ,    ,    ,    ,    ,    ,    ,    ,    ,    ,    ,    ,    ,    ,    ,    ,    ,    ,    ,    ,    ,    ,    ,    ,    ,    ,    
Greece,84,300,39,22,282800,264900,298875,220400,223400,254800,279600,223100,331100,321500,352900,386000,353700,362500,357900,322300,374300,398700,313568,348800,377100,301000,398600,422200,478000,593000,564000,675000,738000,588300,558000,670000,786800,984000,1158000,965300,960000,1047000,1162000,1152300,1198600,1153000,975600,1036000,1087600,866800,785000,742000,664000,573800,723200,737000
Greenland,85,304,72,-40,    ,    ,    ,    ,    ,    ,    ,    ,    ,    ,    ,    ,    ,    ,    ,    ,    ,    ,    ,    ,    ,    ,    ,    ,    ,    ,    ,    ,    ,    ,    ,    ,    ,    ,    ,    ,    ,    ,    ,    ,    ,    ,    ,    ,    ,    ,    ,    ,    ,    ,    ,    
Grenada,86,308,12.2627760,-61.6041710,270,250,360,114,200,118,78,117,93,69,48,45,36,18,29,25,23,23,26,26,26,28,28,28,28,28,28,28,28,28,28,28,28,33,33,33,33,33,33,33,33,33,33,33,33,33,33,38,42,40,40,40
Guadeloupe,87,312,16.25,-61.5833,178,238,135,135,105,489,966,863,893,894,328,268,268,238,178,72,    ,    ,    ,    ,    ,    ,    ,    ,    ,    ,    ,    ,    ,    ,    ,    ,    ,    ,    ,    ,    ,    ,    ,    ,    ,    ,    ,    ,    ,    ,    ,    ,    ,    ,    ,    
Guam,88,316,13.4667,144.7833,    ,    ,    ,    ,    ,    ,    ,    ,    ,    ,    ,    ,    ,    ,    ,    ,    ,    ,    ,    ,    ,    ,    ,    ,    ,    ,    ,    ,    ,    ,    ,    ,    ,    ,    ,    ,    ,    ,    ,    ,    ,    ,    ,    ,    ,    ,    ,    ,    ,    ,    ,    
Guatemala,89,320,15.7834710,-90.2307590,58010,88106,148003,174408,195318,212950,154028,208337,201575,172526,151535,216115,256072,320929,283845,262106,362512,397180,429204,402697,302202,186100,146700,152200,150900,133712,69553,119797,104484,99296,97901,106020,53466,37913,19072,13750,3376,6800,1700,2500,2959,2766,2839,3298,3382,2991,2690,2514,2254,2550,2610,2537
Guinea-Bissau,175,624,12,-15,    ,    ,    ,    ,    ,    ,    ,    ,    ,    ,    ,    ,    ,    ,    ,    ,    ,    ,    ,2900,3900,4500,2700,4500,4500,4500,4500,3705,2658,3180,3233,1334,2431,2127,3300,2990,3200,3420,3900,4008,4458,4663,5054,4817,5224,5060,5000,4850,4449,5400,4500,4500
Guinea,90,324,11,-10,    ,    ,    ,    ,    ,    ,    ,    ,    ,    ,    ,    ,    ,    ,    ,    ,    ,    ,    ,    ,    ,    ,50,70,150,560,1191,1800,2700,4370,10688,17515,19120,16107,14700,11148,19435,29844,41000,54600,46000,34000,36000,38184,38000,34500,35000,35500,32200,33000,35000,36650
Guyana,91,328,5,-59,    ,    ,    ,    ,    ,    ,    ,    ,    ,    ,    ,    ,    ,    ,    ,    ,    ,    ,    ,    ,    ,    ,    ,    ,    ,    ,    ,    ,    ,    ,    ,    ,    ,    ,    ,    ,    ,    ,    ,    ,    ,    ,    ,    ,    ,    ,    ,    ,    ,    ,    ,    
Haiti,93,332,19,-72.4167,4315,3377,2908,2814,3283,2814,2111,938,1173,1642,2814,2814,2790,2790,2790,2790,3408,4644,5244,3720,5278,4982,5580,5596,5580,3720,2325,2325,2325,2198,2266,2159,1860,1674,1395,1332,1178,1211,1395,1355,1116,1302,1343,1377,1407,1440,1395,1116,919,1039,1116,1116
Holy See,94,336,41.9,16772,    ,    ,    ,    ,    ,    ,    ,    ,    ,    ,    ,    ,    ,    ,    ,    ,    ,    ,    ,    ,    ,    ,    ,    ,    ,    ,    ,    ,    ,    ,    ,    ,    ,    ,    ,    ,    ,    ,    ,    ,    ,    ,    ,    ,    ,    ,    ,    ,    ,    ,    ,    
Honduras,95,340,15,-86.5,3519,10289,13096,19146,31663,30509,27258,22947,20895,8705,5553,5990,11517,14282,14029,8696,18000,31736,23931,22203,16632,17500,12060,16290,13150,8848,7985,8390,6366,4450,4700,3850,4700,4700,4700,1836,3374,2091,1910,1161,1806,1810,1810,1810,1810,1810,1810,2302,2457,2560,2600,2599
Hungary,97,348,47,20,    ,    ,    ,    ,    ,    ,    ,    ,    ,    ,    ,    ,    ,    ,    ,    ,    ,    ,    ,    ,    ,    ,    ,    ,    ,    ,    ,    ,    ,    ,    ,    ,    ,    ,    ,    ,    ,    ,    ,    ,    ,    ,    ,    ,    ,    ,    ,    ,    ,    ,    ,    
Iceland,99,352,65,-18,    ,    ,    ,    ,    ,    ,    ,    ,    ,    ,    ,    ,    ,    ,    ,    ,    ,    ,    ,    ,    ,    ,    ,    ,    ,    ,    ,    ,    ,    ,    ,    ,    ,    ,    ,    ,    ,    ,    ,    ,    ,    ,    ,    ,    ,    ,    ,    ,    ,    ,    ,    
India,100,356,20,77,2680000,3253000,3450000,3234000,3022000,3022000,3483000,3219000,3189000,2892000,3813000,3528000,3634000,3910000,3516000,3253000,3735000,4101000,3968000,3916000,4060600,3880100,3290700,4383100,4497600,3557900,3288900,4505400,5885500,5071000,5005400,5876510,5534970,6125960,6627370,7333270,5591670,6331800,5941000,4973900,5151490,4444080,7075100,8465800,9533000,11662000,13338000,11479000,12377800,17226800,18449800,16121000
Indonesia,101,360,-5,120,2997,3996,1998,3237,3237,3237,3237,3237,3141,3098,2138,1960,2607,6234,5146,2646,1563,903,5198,14007,15503,19481,19950,11788,45055,52975,23387,21709,21878,11549,13430,12657,13758,14246,7525,7702,6973,5332,4035,3782,7055,6451,3437,3154,2239,1625,3996,3854,3142,4595,3284,3297
Iran (Islamic Republic of),102,364,32,53,323828,262200,348975,339758,425429,321709,328569,455405,464890,441292,404553,543000,543106,630000,402000,442000,478000,372000,265000,172000,217000,295000,257000,315000,294000,321000,310300,344000,351000,381000,365000,299068,255021,355077,478957,541000,387000,392000,405000,450000,377000,316000,324000,386000,333000,246800,281000,269000,230600,212000,215400,187000
Iraq,103,368,33,44,23240,24243,14168,28085,29809,27397,33872,38794,42122,45902,42240,50800,45310,40200,38600,33890,26050,13935,16800,14900,13200,14000,11800,10650,10800,19760,21295,18300,21595,27700,11300,8000,34000,29000,18000,27000,48000,69000,79000,33000,65000,92000,41500,37000,29000,25000,28800,11500,23800,44800,34400,35400
Ireland,104,372,53,-8,    ,    ,    ,    ,    ,    ,    ,    ,    ,    ,    ,    ,    ,    ,    ,    ,    ,    ,    ,    ,    ,    ,    ,    ,    ,    ,    ,    ,    ,    ,    ,    ,    ,    ,    ,    ,    ,    ,    ,    ,    ,    ,    ,    ,    ,    ,    ,    ,    ,    ,    ,    
Israel,105,376,31.0460510,34.8516120,37900,41670,35500,40200,56900,65100,76500,85900,100200,93900,95700,105300,97400,133800,130800,140700,172000,211800,199300,207100,251500,232000,245800,224100,262400,184900,156900,165900,122100,134000,57245,76855,73450,86400,113168,147475,139600,131600,64350,43800,53500,48400,45500,64200,46900,55700,47500,22900,18800,18100,42000,32000
Italy,106,380,42.8333,2349941,13900,10440,14100,12830,11780,6830,6330,4460,4600,2699,3100,2195,2101,2428,1738,1620,1530,1060,990,1220,240,160,30,20,50,60,113,110,100,100,    ,    ,    ,    ,    ,    ,    ,    ,    ,    ,    ,    ,    ,    ,    ,    ,    ,    ,    ,    ,    ,    
Jamaica,109,388,18.25,-77.5,    ,    ,    ,    ,    ,    ,    ,    ,    ,    ,    ,    ,    ,    ,    ,    ,    ,    ,    ,    ,    ,    ,    ,    ,    ,    ,    ,    ,    ,    ,    ,    ,    ,    ,    ,    ,    ,    ,    ,    ,    ,    ,    ,    ,    ,    ,    ,    ,    ,    ,    ,    
Japan,110,392,36,138,    ,    ,    ,    ,    ,    ,    ,    ,    ,    ,    ,    ,    ,    ,    ,    ,    ,    ,    ,    ,    ,    ,    ,    ,    ,    ,    ,    ,    ,    ,    ,    ,    ,    ,    ,    ,    ,    ,    ,    ,    ,    ,    ,    ,    ,    ,    ,    ,    ,    ,    ,    
Jordan,112,400,31,36,    ,    ,    ,    ,    ,    ,    ,    ,    ,    ,    ,    ,    ,    ,    ,    ,    ,    ,    ,    ,    ,    ,    ,    ,    ,    ,    ,    ,    ,    ,    ,    ,    ,    ,    ,    ,    ,    ,    ,    ,    ,    ,    ,    ,    ,    ,    ,    ,    ,    ,    ,    
Kazakhstan,108,398,48,68,    ,    ,    ,    ,    ,    ,    ,    ,    ,    ,    ,    ,    ,    ,    ,    ,    ,    ,    ,    ,    ,    ,    ,    ,    ,    ,    ,    ,    ,    ,    ,217000,172000,179256,198933,176487,182347,159452,204740,267723,352741,288369,342638,397070,412270,384018,351471,288348,242062,224452,295800,349900
Kenya,114,404,1,38,8841,5071,8637,9550,13306,13410,12420,14225,16939,13877,16596,16810,16005,14874,15959,15615,20500,26915,27321,37747,25232,24114,25542,22572,37620,27100,23326,18810,27720,27040,30080,16650,16165,18100,24200,32900,21900,23000,23300,19600,24000,19600,19600,19600,19600,22000,24500,14800,14600,11700,21600,11400
Kiribati,83,296,-3.3704170,-168.7340390,    ,    ,    ,    ,    ,    ,    ,    ,    ,    ,    ,    ,    ,    ,    ,    ,    ,    ,    ,    ,    ,    ,    ,    ,    ,    ,    ,    ,    ,    ,    ,    ,    ,    ,    ,    ,    ,    ,    ,    ,    ,    ,    ,    ,    ,    ,    ,    ,    ,    ,    ,    
Kuwait,118,414,29.3375,47.6581,    ,    ,    ,    ,    ,    ,    ,    ,    ,    ,    ,    ,    ,    ,    ,    ,    ,    ,    ,    ,    ,    ,    ,    ,    ,    ,    ,    ,    ,    ,    ,    ,    ,    ,    ,    ,    ,    ,    ,    ,    ,    ,    ,    ,    ,    ,    ,    ,    ,    ,    ,    
Kyrgyzstan,113,417,41,75,    ,    ,    ,    ,    ,    ,    ,    ,    ,    ,    ,    ,    ,    ,    ,    ,    ,    ,    ,    ,    ,    ,    ,    ,    ,    ,    ,    ,    ,    ,    ,48000,43000,49395,62756,65274,61789,67742,76525,83685,96600,98166,105000,120000,117000,116300,93000,94200,48700,73200,94240,83900
Lao People s Democratic Republic,120,418,18,105,4500,4500,4500,4500,5400,5550,5400,7500,8100,9000,9960,6600,5700,6300,5400,6822,7275,3705,7530,14700,15129,15450,14904,15300,8713,7800,12000,12900,13324,14778,14247,15909,17852,17739,26418,20334,21000,22500,12780,13800,10145,8833,5423,6602,6000,7070,8105,6735,6880,4945,5540,5705
Latvia,119,428,57,25,    ,    ,    ,    ,    ,    ,    ,    ,    ,    ,    ,    ,    ,    ,    ,    ,    ,    ,    ,    ,    ,    ,    ,    ,    ,    ,    ,    ,    ,    ,    ,    ,    ,    ,    ,    ,    ,    ,    ,    ,    ,    ,    ,    ,    ,    ,    ,    ,    ,    ,    ,    
Lebanon,121,422,33.8333,35.8333,    ,    ,    ,    ,    ,    ,    ,    ,    ,    ,    ,    ,    ,    ,    ,    ,    ,    ,    ,    ,    ,    ,    ,    ,    ,    ,    ,    ,    ,    ,    ,    ,    ,    ,    ,    ,    ,    ,    ,    ,    ,    ,    ,    ,    ,    ,    ,    ,    ,    ,    ,    
Lesotho,122,426,-29.5,41787,    ,    ,    ,    ,    ,    ,    ,    ,    ,    ,    ,    ,    ,    ,    ,    ,    ,    ,    ,    ,    ,    ,    ,    ,    ,    ,    ,    ,    ,    ,    ,    ,    ,    ,    ,    ,    ,    ,    ,    ,    ,    ,    ,    ,    ,    ,    ,    ,    ,    ,    ,    
Liberia,123,430,6.4280550,-9.4294990,    ,    ,    ,    ,    ,    ,    ,    ,    ,    ,    ,    ,    ,    ,    ,    ,    ,    ,    ,    ,    ,    ,    ,    ,    ,    ,    ,    ,    ,    ,    ,    ,    ,    ,    ,    ,    ,    ,    ,    ,    ,    ,    ,    ,    ,    ,    ,    ,    ,    ,    ,    
Libya,124,434,25,17,    ,    ,    ,    ,    ,    ,    ,    ,    ,    ,    ,    ,    ,    ,    ,    ,    ,    ,    ,    ,    ,    ,    ,    ,    ,    ,    ,    ,    ,    ,    ,    ,    ,    ,    ,    ,    ,    ,    ,    ,    ,    ,    ,    ,    ,    ,    ,    ,    ,    ,    ,    
Liechtenstein,125,438,47.1667,1254123,    ,    ,    ,    ,    ,    ,    ,    ,    ,    ,    ,    ,    ,    ,    ,    ,    ,    ,    ,    ,    ,    ,    ,    ,    ,    ,    ,    ,    ,    ,    ,    ,    ,    ,    ,    ,    ,    ,    ,    ,    ,    ,    ,    ,    ,    ,    ,    ,    ,    ,    ,    
Lithuania,126,440,56,24,    ,    ,    ,    ,    ,    ,    ,    ,    ,    ,    ,    ,    ,    ,    ,    ,    ,    ,    ,    ,    ,    ,    ,    ,    ,    ,    ,    ,    ,    ,    ,    ,    ,    ,    ,    ,    ,    ,    ,    ,    ,    ,    ,    ,    ,    ,    ,    ,    ,    ,    ,    
Luxembourg,256,442,49.75,-84948,    ,    ,    ,    ,    ,    ,    ,    ,    ,    ,    ,    ,    ,    ,    ,    ,    ,    ,    ,    ,    ,    ,    ,    ,    ,    ,    ,    ,    ,    ,    ,    ,    ,    ,    ,    ,    ,    ,    ,    ,    ,    ,    ,    ,    ,    ,    ,    ,    ,    ,    ,    
Madagascar,129,450,-20,47,2300,2460,3900,4653,5856,6024,9196,11841,17181,19390,20949,22103,30628,33290,30727,34729,37073,33087,30485,23210,27982,25005,25853,33980,41876,49000,26616,31896,40779,31804,26250,20114,26711,26900,24000,27400,36100,38400,34416,27200,26300,8000,11200,13000,9000,16400,13800,13500,12300,13800,13800,15300
Malawi,130,454,-13.5,34,11018,17265,9565,12954,20286,12819,11872,11492,17883,21342,22094,21726,16043,21266,20088,20061,25306,28616,32195,21465,30174,20543,12215,30316,42878,33698,19490,27200,32600,30700,39800,12600,42200,15700,63200,76800,41900,33900,48267,33808,34900,37000,37200,49450,47000,55100,58000,68500,67000,26900,48500,223000
Malaysia,131,458,4.2104840,101.9757660,    ,    ,    ,    ,    ,    ,    ,    ,    ,    ,    ,    ,    ,    ,    ,    ,    ,    ,    ,    ,    ,    ,    ,    ,    ,    ,    ,    ,    ,    ,    ,    ,    ,    ,    ,    ,    ,    ,    ,    ,    ,    ,    ,    ,    ,    ,    ,    ,    ,    ,    ,    
Maldives,132,462,3.2027780,73.2206800,    ,    ,    ,    ,    ,    ,    ,    ,    ,    ,    ,    ,    ,    ,    ,    ,    ,    ,    ,    ,    ,    ,    ,    ,    ,    ,    ,    ,    ,    ,    ,    ,    ,    ,    ,    ,    ,    ,    ,    ,    ,    ,    ,    ,    ,    ,    ,    ,    ,    ,    ,    
Mali,133,466,17,-4,11221,12278,15496,20846,15846,19870,27707,40834,40881,52589,65309,64340,49989,55981,81677,113172,112265,123163,151129,105624,96065,126876,139242,142392,172159,198574,194933,247027,228695,274645,272413,314754,240612,292096,380099,429188,457017,449216,394000,200800,469000,413657,570717,548882,513000,394000,226000,191500,216000,240000,419000,473000
Malta,134,470,35.8333,14.5833,    ,    ,    ,    ,    ,    ,    ,    ,    ,    ,    ,    ,    ,    ,    ,    ,    ,    ,    ,    ,    ,    ,    ,    ,    ,    ,    ,    ,    ,    ,    ,    ,    ,    ,    ,    ,    ,    ,    ,    ,    ,    ,    ,    ,    ,    ,    ,    ,    ,    ,    ,    
Marshall Islands,127,584,9,168,    ,    ,    ,    ,    ,    ,    ,    ,    ,    ,    ,    ,    ,    ,    ,    ,    ,    ,    ,    ,    ,    ,    ,    ,    ,    ,    ,    ,    ,    ,    ,    ,    ,    ,    ,    ,    ,    ,    ,    ,    ,    ,    ,    ,    ,    ,    ,    ,    ,    ,    ,    
Martinique,135,474,14.6667,-61,    ,    ,    ,    ,    ,    ,    ,    ,    ,    ,    ,    ,    ,    ,    ,    ,    ,    ,    ,    ,    ,    ,    ,    ,    ,    ,    ,    ,    ,    ,    ,    ,    ,    ,    ,    ,    ,    ,    ,    ,    ,    ,    ,    ,    ,    ,    ,    ,    ,    ,    ,    
Mauritania,136,478,20,-12,    ,    ,    ,    ,    ,    ,    ,    ,    ,    ,    ,    ,    ,    ,    ,    ,    ,    ,    ,    ,    ,    ,    ,    ,    ,    ,    ,    ,    ,    ,    ,    ,    ,    ,    ,    ,    ,    ,    ,    ,    ,    ,    ,    ,    ,    ,    ,    ,    ,    ,    ,    
Mauritius,137,480,-20.2833,57.55,    ,    ,    ,    ,    ,    ,    ,    ,    ,    ,    ,    ,    ,    ,    ,    ,    ,    ,    ,    ,    ,    ,    ,    ,    ,    ,    ,    ,    ,    ,    ,    ,    ,    ,    ,    ,    ,    ,    ,    ,    ,    ,    ,    ,    ,    ,    ,    ,    ,    ,    ,    
Mayotte,270,175,-12.8333,45.1667,    ,    ,    ,    ,    ,    ,    ,    ,    ,    ,    ,    ,    ,    ,    ,    ,    ,    ,    ,    ,    ,    ,    ,    ,    ,    ,    ,    ,    ,    ,    ,    ,    ,    ,    ,    ,    ,    ,    ,    ,    ,    ,    ,    ,    ,    ,    ,    ,    ,    ,    ,    
Mexico,138,484,23,-102,1190997,1285992,1417992,1497541,1530222,1378956,1305524,1557972,1033871,881231,1020157,1086296,987638,1339131,526131,572891,1077161,942241,902197,945257,828950,455173,583795,743000,536997,369035,676985,802820,416164,494476,509189,82650,68439,306087,562703,688740,556012,634852,387640,201459,249151,110946,180452,349900,358500,391000,346614,326711,241000,396000,684000,550000
Micronesia (Federated States of),145,583,7.4255540,150.5508120,    ,    ,    ,    ,    ,    ,    ,    ,    ,    ,    ,    ,    ,    ,    ,    ,    ,    ,    ,    ,    ,    ,    ,    ,    ,    ,    ,    ,    ,    ,    ,    ,    ,    ,    ,    ,    ,    ,    ,    ,    ,    ,    ,    ,    ,    ,    ,    ,    ,    ,    ,    
Monaco,140,492,43.7333,41736,    ,    ,    ,    ,    ,    ,    ,    ,    ,    ,    ,    ,    ,    ,    ,    ,    ,    ,    ,    ,    ,    ,    ,    ,    ,    ,    ,    ,    ,    ,    ,    ,    ,    ,    ,    ,    ,    ,    ,    ,    ,    ,    ,    ,    ,    ,    ,    ,    ,    ,    ,    
Mongolia,141,496,46,105,    ,    ,    ,    ,    ,    ,    ,    ,    ,    ,    ,    ,    ,    ,    ,    ,    ,    ,    ,    ,    ,    ,    ,    ,    ,    ,    ,    ,    ,    ,    ,    ,    ,    ,    ,    ,    ,    ,    ,    ,    ,    ,    ,    ,    ,    ,    ,    ,    ,    ,    ,    
Montenegro,273,499,42,19,    ,    ,    ,    ,    ,    ,    ,    ,    ,    ,    ,    ,    ,    ,    ,    ,    ,    ,    ,    ,    ,    ,    ,    ,    ,    ,    ,    ,    ,    ,    ,    ,    ,    ,    ,    ,    ,    ,    ,    ,    ,    ,    ,    ,    ,    ,    ,    ,    ,    ,    ,    
Montserrat,142,500,16.75,-62.2,260,210,240,210,190,84,145,152,46,68,91,30,22,7,22,22,22,26,9,5,32,21,18,17,17,17,18,18,18,24,24,21,20,25,32,31,31,27,28,28,32,22,39,40,36,37,24,18,15,15,16,15
Morocco,143,504,32,-5,4700,9450,14660,17000,23100,30000,17000,18570,21130,19030,26000,26650,17820,17300,15120,22100,16900,11470,14980,17000,19500,20200,24200,13600,22400,26500,33700,29000,29420,28800,21100,8730,710,3120,770,3000,3900,2000,600,456,396,663,138,198,268,216,216,216,213,213,213,189
Mozambique,144,508,-18.25,35,110651,127559,86041,120474,84000,117798,132498,126804,135638,136760,104555,133650,101333,105000,116900,84100,51050,72300,39000,63000,72000,54000,24000,21000,3000,12050,27000,21050,27000,24000,39600,49300,46500,50200,51000,51000,71700,90000,90000,34351,106000,125175,80644,137500,116683,162119,168000,187000,187000,60287,106597,261000
Myanmar,28,104,22,98,34989,48342,55118,53139,68119,46230,42572,49626,32953,34546,42829,43109,43893,37815,42920,37252,31933,41701,51930,49696,74011,95271,97530,104018,125728,99802,79722,72942,60281,62700,62330,63206,68257,42894,86326,165600,167603,163579,158589,176135,153152,140910,158200,197000,177000,190000,190000,196000,256000,397000,530400,400500
Namibia,147,516,-22,17,    ,    ,    ,    ,    ,    ,    ,    ,    ,    ,    ,    ,    ,    ,    ,    ,    ,    ,    ,    ,    ,    ,    ,    ,    ,    ,    ,    ,    ,141,238,293,396,594,1188,1970,1980,3168,4987,5841,3795,1677,1526,9368,100,233,31168,    ,    ,    ,    ,    
Nauru,148,520,-0.5333,166.9167,    ,    ,    ,    ,    ,    ,    ,    ,    ,    ,    ,    ,    ,    ,    ,    ,    ,    ,    ,    ,    ,    ,    ,    ,    ,    ,    ,    ,    ,    ,    ,    ,    ,    ,    ,    ,    ,    ,    ,    ,    ,    ,    ,    ,    ,    ,    ,    ,    ,    ,    ,    
Nepal,149,524,28,84,    ,    ,    ,    ,    ,    ,    ,    ,    ,    ,    ,    ,    ,    ,    ,    ,    ,    ,    ,    ,    ,    ,    ,    ,    ,    ,    ,    ,    ,1176,1274,1210,1522,2849,2490,2597,1572,690,664,729,450,147,60,60934,61635,56,44,68,58,107,132,130
Netherlands Antilles,151,530,12.2260790,-69.0600870,    ,    ,    ,    ,    ,    ,    ,    ,    ,    ,    ,    ,    ,    ,    ,    ,    ,    ,    ,    ,    ,    ,    ,    ,    ,    ,    ,    ,    ,    ,    ,    ,    ,    ,    ,    ,    ,    ,    ,    ,    ,    ,    ,    ,    ,    ,    ,    ,    ,    ,    ,    
Netherlands,150,528,52.5,27515,    ,    ,    ,    ,    ,    ,    ,    ,    ,    ,    ,    ,    ,    ,    ,    ,    ,    ,    ,    ,    ,    ,    ,    ,    ,    ,    ,    ,    ,    ,    ,    ,    ,    ,    ,    ,    ,    ,    ,    ,    ,    ,    ,    ,    ,    ,    ,    ,    ,    ,    ,    
New Caledonia,153,540,-21.5,165.5,    ,    ,    ,    ,    ,    ,    ,    ,    ,    ,    ,    ,    ,    ,    ,    ,    ,    ,    ,    ,    ,    ,    ,    ,    ,    ,    ,    ,    ,    ,    ,    ,    ,    ,    ,    ,    ,    ,    ,    ,    ,    ,    ,    ,    ,    ,    ,    ,    ,    ,    ,    
New Zealand,156,554,-41,174,    ,    ,    ,    ,    ,    ,    ,    ,    ,    ,    ,    ,    ,    ,    ,    ,    ,    ,    ,    ,    ,    ,    ,    ,    ,    ,    ,    ,    ,    ,    ,    ,    ,    ,    ,    ,    ,    ,    ,    ,    ,    ,    ,    ,    ,    ,    ,    ,    ,    ,    ,    
Nicaragua,157,558,13,-85,91500,154200,194800,250600,328700,292790,301499,267796,244216,180571,205543,267461,283731,380231,319967,287140,308614,324267,299115,55338,186838,158622,199338,212288,167439,122529,120337,83745,68142,59731,69735,61635,3728,2685,14378,6077,3477,4043,3255,2474,2150,2610,2800,2825,2950,2990,3020,3020,3100,3290,3320,3485
Niger,158,562,16,8,2311,4676,5400,6807,6077,6708,6169,7008,10518,9597,8271,5187,3481,7911,11128,7150,3816,4370,3022,2852,1790,2010,3980,3884,4389,8138,6000,4000,4950,2270,2500,5000,5000,7000,12000,9000,7000,4450,7600,8000,8000,7900,7270,9300,10000,9000,11200,11000,12267,3222,8780,8530
Nigeria,159,566,10,8,153000,153000,129000,141000,138000,138000,157000,81000,168000,272545,111077,109272,138752,79541,142525,171650,238829,115002,107693,84399,79648,61926,57836,37336,34524,99290,149430,183000,186000,275000,298000,347000,189000,215000,248000,299000,338000,347000,376000,394000,396000,415000,441000,473000,513000,558000,445000,485000,355000,590000,278000,300500
Niue,160,570,-19.0333,-169.8667,    ,    ,    ,    ,    ,    ,    ,    ,    ,    ,    ,    ,    ,    ,    ,    ,    ,    ,    ,    ,    ,    ,    ,    ,    ,    ,    ,    ,    ,    ,    ,    ,    ,    ,    ,    ,    ,    ,    ,    ,    ,    ,    ,    ,    ,    ,    ,    ,    ,    ,    ,    
Northern Mariana Islands,163,580,17.3308300,145.3846900,    ,    ,    ,    ,    ,    ,    ,    ,    ,    ,    ,    ,    ,    ,    ,    ,    ,    ,    ,    ,    ,    ,    ,    ,    ,    ,    ,    ,    ,    ,    ,    ,    ,    ,    ,    ,    ,    ,    ,    ,    ,    ,    ,    ,    ,    ,    ,    ,    ,    ,    ,    
Norway,162,578,62,10,    ,    ,    ,    ,    ,    ,    ,    ,    ,    ,    ,    ,    ,    ,    ,    ,    ,    ,    ,    ,    ,    ,    ,    ,    ,    ,    ,    ,    ,    ,    ,    ,    ,    ,    ,    ,    ,    ,    ,    ,    ,    ,    ,    ,    ,    ,    ,    ,    ,    ,    ,    
Occupied Palestinian Territory,299,,31.7857000,35.2007000,    ,    ,    ,    ,    ,    ,    ,    ,    ,    ,    ,    ,    ,    ,    ,    ,    ,    ,    ,    ,    ,    ,    ,    ,    ,    ,    ,    ,    ,    ,    ,    ,    ,    ,    ,    ,    ,    ,    ,    ,    ,    ,    ,    ,    ,    ,    ,    ,    ,    ,    ,    
Oman,221,512,21,57,    ,    ,    ,    ,    ,    ,    ,    ,    ,    ,    ,    ,    ,    ,    ,    ,    ,    ,    ,    ,    ,    ,    ,    ,    ,    ,    ,    ,    ,    ,    ,    ,    ,    ,    ,    ,    ,    ,    ,    ,    ,    ,    ,    ,    ,    ,    ,    ,    ,    ,    ,    
Pacific Islands Trust Territory,164,,15.1778010,145.7509670,    ,    ,    ,    ,    ,    ,    ,    ,    ,    ,    ,    ,    ,    ,    ,    ,    ,    ,    ,    ,    ,    ,    ,    ,    ,    ,    ,    ,    ,    ,    ,    ,    ,    ,    ,    ,    ,    ,    ,    ,    ,    ,    ,    ,    ,    ,    ,    ,    ,    ,    ,    
Pakistan,165,586,30,70,972300,1098900,1255500,1132800,1251000,1397838,1561104,1587120,1606635,1627452,2122452,2105538,1975443,1902597,1541604,1304100,1723700,1419600,2184600,2143500,2244000,2471700,1483767,3025713,3650500,3958850,4404540,4278112,4367244,4912740,6542790,4619880,4103130,4437869,5406258,4783372,4687146,4486250,5735436,5476167,5415600,5210400,5127300,7279400,6644475,6148992,5587176,5683264,6249600,5533600,6605300,5427000
Palau,180,585,7.5149800,134.5825200,    ,    ,    ,    ,    ,    ,    ,    ,    ,    ,    ,    ,    ,    ,    ,    ,    ,    ,    ,    ,    ,    ,    ,    ,    ,    ,    ,    ,    ,    ,    ,    ,    ,    ,    ,    ,    ,    ,    ,    ,    ,    ,    ,    ,    ,    ,    ,    ,    ,    ,    ,    
Panama,166,591,9,-80,    ,    ,    ,    ,    ,    ,    ,    ,    ,    ,    ,    ,    ,    ,    ,    ,    ,    ,    ,    ,    ,    ,    ,    ,    ,    ,    ,    ,    ,    ,    ,    ,    ,    ,    ,    ,    ,    ,    ,    ,    ,    ,    ,    ,    ,    ,    ,    ,    ,    ,    ,    
Papua New Guinea,168,598,-6,147,    ,    ,    ,    ,    ,    ,    ,    ,    ,    ,    ,    ,    ,    ,    ,    ,    ,    ,    ,    ,    ,    ,    ,    ,    ,    ,    ,    ,    ,    ,    ,    ,    ,    ,    ,    ,    ,    ,    ,    ,    ,    ,    ,    ,    ,    ,    ,    ,    ,    ,    ,    
Paraguay,169,600,-23,-58,24650,31030,35810,34133,39516,26047,24117,27026,38042,36173,16204,45719,77256,80106,97170,101807,215841,268660,218281,220374,322869,250766,282000,355000,426571,285654,211382,478993,546730,574398,555470,358381,382478,354254,425164,309000,129700,206500,188150,229500,274200,115200,165757,316900,190000,172800,100800,61210,17280,14484,30284,20700
Peru,170,604,-10,-76,358753,390743,396141,379046,348870,320692,251068,278100,246900,244489,229568,212100,221700,240000,255700,157900,166400,190600,235400,247400,273060,245900,101000,195400,280900,293100,189800,265200,299200,224000,171000,103000,91000,167656,216282,268523,145798,95251,124000,134250,124000,118000,121533,150560,174100,176100,165000,151400,106600,80000,117000,121600
Philippines,171,608,13,122,400,460,51,66,55,48,39,31,31,24,18,36,27,51,654,1305,1959,2613,7839,13716,15675,13716,15024,9798,13716,15675,15675,14370,16329,12520,15514,37774,19214,7203,8093,6507,4273,3390,3150,1114,2489,4540,2230,4297,5157,2640,1359,738,127,35,51,76
Poland,173,616,52,20,    ,    ,    ,    ,    ,    ,    ,    ,    ,    ,    ,    ,    ,    ,    ,    ,    ,    ,    ,    ,    ,    ,    ,    ,    ,    ,    ,    ,    ,    ,    ,    ,    ,    ,    ,    ,    ,    ,    ,    ,    ,    ,    ,    ,    ,    ,    ,    ,    ,    ,    ,    
Portugal,174,620,39.5,-8,    ,    ,    ,    ,    ,    ,    ,    ,    ,    ,    ,    ,    ,    ,    ,    ,    ,    ,    ,    ,    ,    ,    ,    ,    ,    ,    ,    ,    ,    ,    ,    ,    ,    ,    ,    ,    ,    ,    ,    ,    ,    ,    ,    ,    ,    ,    ,    ,    ,    ,    ,    
Puerto Rico,177,630,18.25,-66.5,    ,    ,    ,    ,    ,    ,    ,    ,    ,    ,    ,    ,    ,    ,    ,    ,    ,    ,    ,    ,    ,    ,    ,    ,    ,    ,    ,    ,    ,    ,    ,    ,    ,    ,    ,    ,    ,    ,    ,    ,    ,    ,    ,    ,    ,    ,    ,    ,    ,    ,    ,    
Qatar,179,634,25.3548260,51.1838840,    ,    ,    ,    ,    ,    ,    ,    ,    ,    ,    ,    ,    ,    ,    ,    ,    ,    ,    ,    ,    ,    ,    ,    ,    ,    ,    ,    ,    ,    ,    ,    ,    ,    ,    ,    ,    ,    ,    ,    ,    ,    ,    ,    ,    ,    ,    ,    ,    ,    ,    ,    
Republic of Korea,117,410,37,127.5,27856,17641,11976,12723,11817,13706,11861,12670,13549,13341,12053,11403,11627,9223,5598,5801,5214,5692,7729,7250,4200,3405,3010,2520,1890,1070,535,620,585,540,480,390,    ,    ,    ,    ,    ,    ,    ,    ,    ,    ,    ,    ,    ,    ,    ,    ,    ,    ,    ,    
Republic of Moldova,146,498,47,29,    ,    ,    ,    ,    ,    ,    ,    ,    ,    ,    ,    ,    ,    ,    ,    ,    ,    ,    ,    ,    ,    ,    ,    ,    ,    ,    ,    ,    ,    ,    ,    ,    ,    ,    ,    ,    ,    ,    ,    ,    ,    ,    ,    ,    ,    ,    ,    ,    ,    ,    ,    
Romania,183,642,46,25,98,12,    ,    ,    ,    ,    ,    ,    ,    ,    ,    ,1500,4000,3000,100,500,1000,1200,200,400,600,3000,3000,3600,3200,3800,5190,4930,378,186,71,12,38,20,17,19,16,17,    ,    ,    ,    ,    ,    ,    ,    ,    ,    ,    ,    ,    
Russian Federation,185,643,60,100,    ,    ,    ,    ,    ,    ,    ,    ,    ,    ,    ,    ,    ,    ,    ,    ,    ,    ,    ,    ,    ,    ,    ,    ,    ,    ,    ,    ,    ,    ,    ,    ,    ,    ,    ,    ,    ,    ,    ,    ,    ,    ,    ,    ,    ,    ,    ,    ,    ,    ,    ,    
Rwanda,184,646,-2,30,275,289,241,397,322,304,341,243,300,249,298,234,240,97,231,175,240,    ,    ,    ,    ,    ,    ,    ,    ,    ,    ,    ,    ,    ,    ,    ,    ,    ,    ,    ,    ,    ,    ,    ,    ,    ,    ,    ,    ,    ,    ,    ,    ,    ,    ,    
RÃ©union,182,638,-21.1,55.6,    ,    ,    ,    ,    ,    ,    ,    ,    ,    ,    ,    ,    ,    ,    ,    ,    ,    ,    ,    ,    ,    ,    ,    ,    ,    ,    ,    ,    ,    ,    ,    ,    ,    ,    ,    ,    ,    ,    ,    ,    ,    ,    ,    ,    ,    ,    ,    ,    ,    ,    ,    
"Saint Helena, Ascension and Tristan da Cunha",187,654,-15.9333,-5.7,    ,    ,    ,    ,    ,    ,    ,    ,    ,    ,    ,    ,    ,    ,    ,    ,    ,    ,    ,    ,    ,    ,    ,    ,    ,    ,    ,    ,    ,    ,    ,    ,    ,    ,    ,    ,    ,    ,    ,    ,    ,    ,    ,    ,    ,    ,    ,    ,    ,    ,    ,    
Saint Kitts and Nevis,188,659,17.3333,-62.75,300,241,166,180,173,213,90,52,45,29,29,47,89,97,128,143,91,56,14,20,34,19,33,33,33,33,33,33,33,29,18,9,9,12,8,9,6,3,5,2,2,2,2,2,2,2,2,2,2,    ,    ,    
Saint Lucia,189,662,13.8833,-61.1333,    ,    ,    ,    ,    ,    ,    ,    ,    ,    ,    ,    ,    ,    ,    ,    ,    ,    ,    ,    ,    ,    ,    ,    ,    ,    ,    ,    ,    ,    ,    ,    ,    ,    ,    ,    ,    ,    ,    ,    ,    ,    ,    ,    ,    ,    ,    ,    ,    ,    ,    ,    
Saint Pierre and Miquelon,190,666,46.8333,-56.3333,    ,    ,    ,    ,    ,    ,    ,    ,    ,    ,    ,    ,    ,    ,    ,    ,    ,    ,    ,    ,    ,    ,    ,    ,    ,    ,    ,    ,    ,    ,    ,    ,    ,    ,    ,    ,    ,    ,    ,    ,    ,    ,    ,    ,    ,    ,    ,    ,    ,    ,    ,    
Saint Vincent and the Grenadines,191,670,13.25,-61.2,196,392,98,151,196,196,151,98,98,98,    ,    ,    ,    ,    ,    ,    ,    ,    ,    ,    ,    ,    ,    ,    ,    ,    ,    ,    ,    ,    ,    ,    ,    ,    ,    ,    ,    ,    ,    ,    ,    ,    ,    ,    ,    ,    ,    ,    ,    ,    ,    
Samoa,244,882,-13.5833,-172.3333,    ,    ,    ,    ,    ,    ,    ,    ,    ,    ,    ,    ,    ,    ,    ,    ,    ,    ,    ,    ,    ,    ,    ,    ,    ,    ,    ,    ,    ,    ,    ,    ,    ,    ,    ,    ,    ,    ,    ,    ,    ,    ,    ,    ,    ,    ,    ,    ,    ,    ,    ,    
San Marino,192,674,43.7667,828341,    ,    ,    ,    ,    ,    ,    ,    ,    ,    ,    ,    ,    ,    ,    ,    ,    ,    ,    ,    ,    ,    ,    ,    ,    ,    ,    ,    ,    ,    ,    ,    ,    ,    ,    ,    ,    ,    ,    ,    ,    ,    ,    ,    ,    ,    ,    ,    ,    ,    ,    ,    
Sao Tome and Principe,193,678,1,7,    ,    ,    ,    ,    ,    ,    ,    ,    ,    ,    ,    ,    ,    ,    ,    ,    ,    ,    ,    ,    ,    ,    ,    ,    ,    ,    ,    ,    ,    ,    ,    ,    ,    ,    ,    ,    ,    ,    ,    ,    ,    ,    ,    ,    ,    ,    ,    ,    ,    ,    ,    
Saudi Arabia,194,682,25,45,    ,    ,    ,    ,    ,    ,    ,    ,    ,    ,    ,    ,    ,    ,    ,    ,    ,    ,    ,    ,    ,    ,    ,    ,    ,    ,    ,    ,    ,    ,    ,    ,    ,    ,    ,    ,    ,    ,    ,    ,    ,    ,    ,    ,    ,    ,    ,    ,    ,    ,    ,    
Senegal,195,686,14,-14,450,339,819,34,292,1089,3927,9600,10600,11500,21000,23449,32900,40899,29800,43900,35700,33000,26700,19700,40300,45400,29700,44700,26900,25400,35300,36790,28482,38600,50287,46900,37500,27892,29097,37323,38450,10900,13217,19354,32866,34543,52000,38500,40248,51800,44000,38800,22100,27000,30000,33600
Serbia and Montenegro,186,,43.8740424,21.3175303,    ,    ,    ,    ,    ,    ,    ,    ,    ,    ,    ,    ,    ,    ,    ,    ,    ,    ,    ,    ,    ,    ,    ,    ,    ,    ,    ,    ,    ,    ,    ,    ,    ,    ,    ,    ,    ,    ,    ,    ,    ,    ,    ,    ,    ,    ,    ,    ,    ,    ,    ,    
Serbia,272,688,44,21,    ,    ,    ,    ,    ,    ,    ,    ,    ,    ,    ,    ,    ,    ,    ,    ,    ,    ,    ,    ,    ,    ,    ,    ,    ,    ,    ,    ,    ,    ,    ,    ,    ,    ,    ,    ,    ,    ,    ,    ,    ,    ,    ,    ,    ,    ,    ,    ,    ,    ,    ,    
Seychelles,196,690,-4.5833,55.6667,    ,    ,    ,    ,    ,    ,    ,    ,    ,    ,    ,    ,    ,    ,    ,    ,    ,    ,    ,    ,    ,    ,    ,    ,    ,    ,    ,    ,    ,    ,    ,    ,    ,    ,    ,    ,    ,    ,    ,    ,    ,    ,    ,    ,    ,    ,    ,    ,    ,    ,    ,    
Sierra Leone,197,694,8.4605550,-11.7798890,    ,    ,    ,    ,    ,    ,    ,    ,    ,    ,    ,    ,    ,    ,    ,    ,    ,    ,    ,    ,    ,    ,    ,    ,    ,    ,    ,    ,    ,    ,    ,    ,    ,    ,    ,    ,    ,    ,    ,    ,    ,    ,    ,    ,    ,    ,    ,    ,    ,    ,    ,    
Singapore,200,702,1.3520830,103.8198360,    ,    ,    ,    ,    ,    ,    ,    ,    ,    ,    ,    ,    ,    ,    ,    ,    ,    ,    ,    ,    ,    ,    ,    ,    ,    ,    ,    ,    ,    ,    ,    ,    ,    ,    ,    ,    ,    ,    ,    ,    ,    ,    ,    ,    ,    ,    ,    ,    ,    ,    ,    
Slovakia,199,703,48.6667,41778,    ,    ,    ,    ,    ,    ,    ,    ,    ,    ,    ,    ,    ,    ,    ,    ,    ,    ,    ,    ,    ,    ,    ,    ,    ,    ,    ,    ,    ,    ,    ,    ,    ,    ,    ,    ,    ,    ,    ,    ,    ,    ,    ,    ,    ,    ,    ,    ,    ,    ,    ,    
Slovenia,198,705,46,15,    ,    ,    ,    ,    ,    ,    ,    ,    ,    ,    ,    ,    ,    ,    ,    ,    ,    ,    ,    ,    ,    ,    ,    ,    ,    ,    ,    ,    ,    ,    ,    ,    ,    ,    ,    ,    ,    ,    ,    ,    ,    ,    ,    ,    ,    ,    ,    ,    ,    ,    ,    
Solomon Islands,25,90,-8,159,    ,    ,    ,    ,    ,    ,    ,    ,    ,    ,    ,    ,    ,    ,    ,    ,    ,    ,    ,    ,    ,    ,    ,    ,    ,    ,    ,    ,    ,    ,    ,    ,    ,    ,    ,    ,    ,    ,    ,    ,    ,    ,    ,    ,    ,    ,    ,    ,    ,    ,    ,    
Somalia,201,706,5.1521490,46.1996160,3408,4260,2432,3115,3124,3124,3124,3408,3408,3692,4305,2692,1427,1139,2848,2991,3133,3133,3845,3845,2848,4700,3845,3845,3845,3845,5982,5697,2848,2848,2848,3770,5697,4943,5747,6328,6274,5680,6049,5697,5580,5895,5892,5952,6138,5848,6153,6204,6204,6204,6900,6440
South Africa,202,710,-29,24,15648,22113,40824,34020,56472,44897,31452,38608,59468,41583,36022,35931,41530,96225,99287,36304,85520,125667,138860,161275,140651,90440,66635,81172,110779,111464,140689,188209,180291,143501,111472,50713,30506,65028,61133,108842,69526,99900,122080,68378,89501,46985,41435,74218,45423,38419,28684,25970,22306,20384,45423,31989
South Sudan,277,728,12.8628070,30.2176360,    ,    ,    ,    ,    ,    ,    ,    ,    ,    ,    ,    ,    ,    ,    ,    ,    ,    ,    ,    ,    ,    ,    ,    ,    ,    ,    ,    ,    ,    ,    ,    ,    ,    ,    ,    ,    ,    ,    ,    ,    ,    ,    ,    ,    ,    ,    ,    ,    ,    ,    ,    
Spain,203,724,40,-4,295828,315129,267338,211232,229473,248803,183050,213319,166196,150342,121906,168433,133170,154284,130513,119122,130914,89348,113912,160223,183940,138940,105254,135995,178137,224114,218495,322073,165588,210471,218487,169507,76815,104149,82185,225095,292338,261598,306557,223208,245236,215185,217078,260955,259260,106982,92136,42100,59806,86562,130206,143000
Sri Lanka,38,144,7,81,2998,238,1720,636,963,1800,1629,652,2024,1467,2085,2685,2847,3162,6201,7932,6579,9609,11400,4779,5700,4605,1500,71,3,15,15,5,14,2,    ,    ,    ,    ,    ,    ,    ,    ,    ,    ,    ,    ,    ,    ,    ,    ,    ,    ,    ,    ,    ,    
Sudan (former),206,729,15,30,335380,603033,467600,303341,440800,442371,528810,519278,645831,665265,720362,675139,547607,665548,647627,312000,456000,546000,376000,330900,278600,442500,563000,621000,588000,408000,523000,439000,404000,282000,228000,168000,146667,145000,255000,257440,223000,160050,142590,144980,223480,169540,227000,235620,307890,252450,241600,107000,169000,46600,69140,280920
Sudan,276,736,15,30,,,,,,,,,,,,,,,,,,,,,,,,,,,,,,,,,,,,,,,,,,,,,,,,,,,,
Suriname,207,740,4,-56,    ,    ,    ,    ,    ,    ,    ,    ,    ,    ,    ,    ,    ,    ,    ,    ,    ,    ,    ,    ,    ,    ,    ,    ,    ,    ,    ,    ,    ,    ,    ,    ,    ,    ,    ,    ,    ,    ,    ,    ,    ,    ,    ,    ,    ,    ,    ,    ,    ,    ,    ,    
Swaziland,209,748,-26.5,41790,7200,3988,5774,4620,6064,7972,11464,7649,5788,7090,9790,10695,12487,17600,20420,18304,14400,22000,15800,22800,24500,14100,8900,17600,16900,19550,14700,26100,32000,38658,39141,8729,14900,11150,8365,18931,24095,22678,22138,11202,9000,5900,1821,4809,4728,1464,1080,1180,1100,1770,1490,1408
Sweden,210,752,62,15,    ,    ,    ,    ,    ,    ,    ,    ,    ,    ,    ,    ,    ,    ,    ,    ,    ,    ,    ,    ,    ,    ,    ,    ,    ,    ,    ,    ,    ,    ,    ,    ,    ,    ,    ,    ,    ,    ,    ,    ,    ,    ,    ,    ,    ,    ,    ,    ,    ,    ,    ,    
Switzerland,211,756,47,8,    ,    ,    ,    ,    ,    ,    ,    ,    ,    ,    ,    ,    ,    ,    ,    ,    ,    ,    ,    ,    ,    ,    ,    ,    ,    ,    ,    ,    ,    ,    ,    ,    ,    ,    ,    ,    ,    ,    ,    ,    ,    ,    ,    ,    ,    ,    ,    ,    ,    ,    ,    
Syrian Arab Republic,212,760,35,38,324833,403895,410000,470068,476189,375424,329086,394000,382400,382600,407500,424000,404800,386500,414300,408900,394800,377000,343979,322819,355880,410995,526000,415000,445000,409000,340600,472154,422000,432300,549100,682200,617558,533000,588062,735196,1016360,961200,908179,1048227,1007000,766400,810000,982046,996900,685700,598600,623900,648138,472495,587904,399000
Tajikistan,208,762,39,71,    ,    ,    ,    ,    ,    ,    ,    ,    ,    ,    ,    ,    ,    ,    ,    ,    ,    ,    ,    ,    ,    ,    ,    ,    ,    ,    ,    ,    ,    ,    ,276000,494000,484000,372000,297000,314000,322395,268977,286000,405000,461000,478000,482000,397300,382000,370000,310500,254000,266000,332400,341000
Thailand,216,764,15,100,36002,38822,45684,46154,56212,83472,75858,110074,41078,25192,38070,46436,26699,52994,27022,25227,85314,69953,134146,181016,165189,114688,112072,74660,95420,53825,69862,99195,80679,90897,120954,93225,62580,73233,75906,70633,47940,37982,32511,34274,56977,13249,12918,13452,13221,9541,8946,8930,8357,7964,6768,7050
The former Yugoslav Republic of Macedonia,154,807,41.8333,22,    ,    ,    ,    ,    ,    ,    ,    ,    ,    ,    ,    ,    ,    ,    ,    ,    ,    ,    ,    ,    ,    ,    ,    ,    ,    ,    ,    ,    ,    ,    ,26,15,15,6,8,8,    ,    ,    ,    ,    ,    ,    ,    ,    ,    ,    ,    ,    ,    ,    
Timor-Leste,176,626,-8.55,125.5167,    ,    ,    ,    ,    ,    ,    ,    ,    ,    ,    ,    ,    ,    ,    ,    ,    ,    ,    ,    ,    ,    ,    ,    ,    ,    ,    ,    ,    ,    ,    ,    ,    ,    ,    ,    ,    ,    ,    ,    ,    ,    ,    ,    ,    ,    ,    ,    ,    ,    ,    ,    
Togo,217,768,8,-85099,7930,7948,5527,8100,8340,8200,10000,6900,8800,4700,5200,6900,5400,8400,10500,9500,6900,4400,12500,19200,23700,19100,26500,22800,53250,62424,76900,65938,82956,93547,91032,93773,87000,120800,99820,119830,151000,160000,110178,113900,140000,160000,161000,157261,63000,39000,47000,29700,26500,41000,79000,66500
Tokelau,218,772,-9,-172,    ,    ,    ,    ,    ,    ,    ,    ,    ,    ,    ,    ,    ,    ,    ,    ,    ,    ,    ,    ,    ,    ,    ,    ,    ,    ,    ,    ,    ,    ,    ,    ,    ,    ,    ,    ,    ,    ,    ,    ,    ,    ,    ,    ,    ,    ,    ,    ,    ,    ,    ,    
Tonga,219,776,-20,-175,    ,    ,    ,    ,    ,    ,    ,    ,    ,    ,    ,    ,    ,    ,    ,    ,    ,    ,    ,    ,    ,    ,    ,    ,    ,    ,    ,    ,    ,    ,    ,    ,    ,    ,    ,    ,    ,    ,    ,    ,    ,    ,    ,    ,    ,    ,    ,    ,    ,    ,    ,    
Trinidad and Tobago,220,780,11,-61,    ,    ,    ,    ,    ,    ,    ,    ,    ,    ,    ,    ,    ,    ,    ,    ,    ,    ,    ,    ,    ,    ,    ,    ,    ,    ,    ,    ,    ,    ,    ,    ,    ,    ,    ,    ,    ,    ,    ,    ,    ,    ,    ,    ,    ,    ,    ,    ,    ,    ,    ,    
Tunisia,222,788,34,9,653,513,494,465,225,195,30,105,495,105,495,    ,    ,    ,    ,    ,    ,    ,    ,    ,    ,    ,    ,    ,    ,    ,    ,286,382,919,1351,1373,1469,3840,3292,4608,2880,2453,2184,2196,2585,2223,1993,2529,2604,1901,1922,1572,1248,1632,1878,1905
Turkey,223,792,39,35,572000,654000,675500,854500,852000,993190,1029743,1131733,1040000,1040000,1357200,1413240,1333350,1555806,1248000,1234550,1494674,1235000,1238138,1300000,1268800,1271400,1357200,1508000,1346800,1346800,1395644,1690000,1604200,1701960,1454508,1479056,1502106,1558188,2114067,2003807,2024962,2216934,1948878,2175010,2268294,2445240,2256596,2361778,2154880,2453096,2188547,1750440,1659450,2068300,2481960,2224440
Turkmenistan,213,795,40,60,    ,    ,    ,    ,    ,    ,    ,    ,    ,    ,    ,    ,    ,    ,    ,    ,    ,    ,    ,    ,    ,    ,    ,    ,    ,    ,    ,    ,    ,    ,    ,1212332,1123000,1215000,1159000,392600,569000,473000,1094300,912600,1090000,690000,705000,990000,985000,690000,939300,991400,660100,676000,584000,594000
Turks and Caicos Islands,224,796,21.75,-71.5833,    ,    ,    ,    ,    ,    ,    ,    ,    ,    ,    ,    ,    ,    ,    ,    ,    ,    ,    ,    ,    ,    ,    ,    ,    ,    ,    ,    ,    ,    ,    ,    ,    ,    ,    ,    ,    ,    ,    ,    ,    ,    ,    ,    ,    ,    ,    ,    ,    ,    ,    ,    
Tuvalu,227,798,-8,178,    ,    ,    ,    ,    ,    ,    ,    ,    ,    ,    ,    ,    ,    ,    ,    ,    ,    ,    ,    ,    ,    ,    ,    ,    ,    ,    ,    ,    ,    ,    ,    ,    ,    ,    ,    ,    ,    ,    ,    ,    ,    ,    ,    ,    ,    ,    ,    ,    ,    ,    ,    
USSR,228,810,61.766194,85.078125,4284000,4103000,4934000,5024000,5391000,5704000,5682000,5621000,5397000,6332000,6685000,6811000,7151000,7605000,7476000,7639000,8039000,7915000,8088000,8354000,8773000,8449000,8211000,7600600,8123000,7669000,7410000,8062000,7911000,7436000,7010000,    ,    ,    ,    ,    ,    ,    ,    ,    ,    ,    ,    ,    ,    ,    ,    ,    ,    ,    ,    ,    
Uganda,226,800,1,32,215131,105700,208435,220288,253626,258045,257000,200190,245527,276480,244480,243200,254080,160000,102080,79040,44160,64840,19520,13120,16320,16320,31560,37300,51079,28300,18500,15900,15300,18800,26212,21719,35411,36863,37870,53418,36500,44485,57982,71290,52767,60200,74000,73000,58000,73500,36800,68182,44950,75859,134203,50702
Ukraine,230,804,49,32,    ,    ,    ,    ,    ,    ,    ,    ,    ,    ,    ,    ,    ,    ,    ,    ,    ,    ,    ,    ,    ,    ,    ,    ,    ,    ,    ,    ,    ,    ,    ,    ,    ,    ,    ,    ,    ,    ,    ,    ,    ,    ,    ,    ,    ,    ,    ,    ,    ,    ,    ,    
United Arab Emirates,225,784,24,54,    ,    ,    ,    ,    ,    ,    ,    ,    ,    ,    ,    ,    ,    ,    ,    ,    ,    ,    ,    ,    ,    ,    ,    ,    ,    ,    ,    ,    ,    ,    ,    ,    ,    ,    ,    ,    ,    ,    ,    ,    ,    ,    ,    ,    ,    ,    ,    ,    ,    ,    ,    
United Kingdom,229,826,54,-2,    ,    ,    ,    ,    ,    ,    ,    ,    ,    ,    ,    ,    ,    ,    ,    ,    ,    ,    ,    ,    ,    ,    ,    ,    ,    ,    ,    ,    ,    ,    ,    ,    ,    ,    ,    ,    ,    ,    ,    ,    ,    ,    ,    ,    ,    ,    ,    ,    ,    ,    ,    
United Republic of Tanzania,215,834,-6,35,97908,113448,139126,155362,195739,230137,206824,149936,202900,226560,190820,228550,193600,215190,124153,192623,162101,164468,174277,170626,129788,124953,133969,151286,103940,212831,247300,186327,109868,139519,261569,283018,143094,120927,244925,247032,202636,91600,102124,119116,234540,143500,170000,314000,351228,126040,195773,351600,257500,250000,157000,289000
United States Virgin Islands,240,850,18.3333,-64.8333,    ,    ,    ,    ,    ,    ,    ,    ,    ,    ,    ,    ,    ,    ,    ,    ,    ,    ,    ,    ,    ,    ,    ,    ,    ,    ,    ,    ,    ,    ,    ,    ,    ,    ,    ,    ,    ,    ,    ,    ,    ,    ,    ,    ,    ,    ,    ,    ,    ,    ,    ,    
United States of America,231,840,38,-97,8532754,8797196,8946873,8955408,8777194,5672745,4532514,6587636,5865298,5909491,6127556,7876122,7375156,6603817,4726756,6043054,8141767,6236493,8427096,6477559,9209692,6908180,4482500,7497500,7713000,5567000,8447700,8854000,6898000,8789500,10118000,9183000,9266000,11179000,10110000,10604000,10382700,7897000,9458000,9580630,11180979,9356670,10020620,12496940,12612570,11421630,10151810,6691370,6417250,9473800,8284130,8738110
Uruguay,234,858,-33,-56,489,919,1830,1965,1230,920,755,678,516,666,672,1068,2019,822,594,601,508,525,282,69,13,11,8,17,106,390,115,125,154,97,97,405,    ,    ,    ,    ,    ,    ,    ,    ,    ,    ,    ,    ,    ,    ,    ,    ,    ,    ,    ,    
Uzbekistan,235,860,41,64,    ,    ,    ,    ,    ,    ,    ,    ,    ,    ,    ,    ,    ,    ,    ,    ,    ,    ,    ,    ,    ,    ,    ,    ,    ,    ,    ,    ,    ,    ,    ,3725564,3858000,3638000,3652000,3121000,3300000,3079000,3221000,2825000,3015000,2908000,2675456,3300000,3530000,3393000,3380000,3678200,2928200,3036120,2953400,3032000
Vanuatu,155,548,-16,167,    ,    ,    ,    ,    ,    ,    ,    ,    ,    ,    ,    ,    ,    ,    ,    ,    ,    ,    ,    ,    ,    ,    ,    ,    ,    ,    ,    ,    ,    ,    ,    ,    ,    ,    ,    ,    ,    ,    ,    ,    ,    ,    ,    ,    ,    ,    ,    ,    ,    ,    ,    
Venezuela (Bolivarian Republic of),236,862,8,-66,22059,30246,27597,33552,38853,33112,35045,34591,39841,36140,43330,49030,56495,64169,81996,55197,53910,50510,43798,45266,22568,16082,33206,38300,70863,86130,50462,64616,83705,82453,68137,62865,43241,48248,31700,39629,57716,28496,19493,3655,4908,6362,9800,17055,15460,13450,12500,10750,7850,8550,4500,4950
Viet Nam,237,704,16,106,3397,3297,3147,2997,2747,2038,1998,1998,1798,1499,1049,999,899,999,2198,2248,2887,3007,2228,2108,2308,3467,4086,4525,4446,4595,4266,4176,3297,3097,8292,12787,5195,8691,17882,11189,13986,21978,22178,18781,33566,39960,35065,25774,33467,28571,16084,7992,12088,12488,12779,8820
Wallis and Futuna Islands,243,876,-13.3,-176.2,    ,    ,    ,    ,    ,    ,    ,    ,    ,    ,    ,    ,    ,    ,    ,    ,    ,    ,    ,    ,    ,    ,    ,    ,    ,    ,    ,    ,    ,    ,    ,    ,    ,    ,    ,    ,    ,    ,    ,    ,    ,    ,    ,    ,    ,    ,    ,    ,    ,    ,    ,    
Western Sahara,205,732,24.2155270,-12.8858340,    ,    ,    ,    ,    ,    ,    ,    ,    ,    ,    ,    ,    ,    ,    ,    ,    ,    ,    ,    ,    ,    ,    ,    ,    ,    ,    ,    ,    ,    ,    ,    ,    ,    ,    ,    ,    ,    ,    ,    ,    ,    ,    ,    ,    ,    ,    ,    ,    ,    ,    ,    
Yemen,249,887,15,48,15595,20313,26448,17269,30915,11682,13685,9719,16835,16139,26905,27804,33742,35242,27000,25500,14300,18900,16800,10000,20000,21500,21500,18700,6000,19200,19200,7810,13033,7839,7291,12622,14139,11084,12361,15947,19653,23550,24974,27673,29021,28806,29090,19536,20570,22000,23320,24120,24890,25100,27200,20600
Yugoslav SFR,248,891,43.925783,17.605005,6069,6150,9021,7428,5529,5950,10300,8680,9260,12000,10000,7218,7700,6934,6252,5060,2901,1637,1423,618,890,870,715,850,880,930,420,375,680,71,33,    ,    ,    ,    ,    ,    ,    ,    ,    ,    ,    ,    ,    ,    ,    ,    ,    ,    ,    ,    ,    
Zambia,251,894,-13.1338970,27.8493320,    ,    ,615,1647,2077,5245,1760,3991,6707,5364,11347,8273,4535,2070,2543,3760,7819,10102,14767,14850,17005,12657,20510,43467,29951,33000,19900,57900,52100,30300,48200,25600,47250,32800,16050,36700,63171,58397,138000,61000,67550,77600,96000,113850,140700,117000,137200,123450,133500,104800,128650,264110
Zimbabwe,181,716,-20,30,1354,584,3626,6763,16829,26350,45200,57201,158800,97900,137945,163693,128161,188164,168410,140694,142508,164440,143766,155957,168888,133538,145056,246000,282000,245000,237000,316700,256930,184493,196901,59886,186550,168500,100000,239700,276000,257500,267053,327000,329300,199866,220000,300000,195000,201000,226000,326000,225000,107000,260000,275400
,,,,,,,,,,,,,,,,,,,,,,,,,,,,,,,,,,,,,,,,,,,,,,,,,,,,,,,,
,,,,,29301974,31113537,35383350,38127892,41401316,40076805,39422423,42099304,39919594,41381913,42624029,43861352,47349639,47403727,42341221,40229503,45684016,44087341,46851524,48045612,52855364,53715797,55450952,71569335,61874968,53975007,60092173,64504678,59903765,65887585,75765467,64580495,57659727,64620941,69557890,66356607,66862460,64192703,62885047,65046580,74760639,67347055,69081484,88004976,85363302,89550749,94231801,87040619,78757474,84667805,94547144,93665875
